Currency,,Amount Owned,Price,Value,Percent of portfolio,Total Portfolio Value
0XBTC,0.10601271,1,#REF!,#REF!,#REF!,#REF!
18C,0.00262264,10,#REF!,#REF!,#REF!,
1MT,0.16115443,30,#REF!,#REF!,#REF!,
1ST,0.10712122,1000,#REF!,#REF!,#REF!,
1WO,0.05952637,10000,#REF!,#REF!,#REF!,
2GIVE,0.00005,,,,,
2KEY,0.03604142,,,,,
2X2,0.00628484,,,,,
404,0.03133439,,,,,
42,25475.71436,,,,,
611,0.16951098,,,,,
808TA,0.00000002,,,,,
A,0.01791287,,,,,
AAACOIN,0.00001796,,,,,
AAC,0.08026812,,,,,
ABBC,0.09776611,,,,,
ABL,0.00481866,,,,,
ABS,0.00089783,,,,,
ABST,0.00011908,,,,,
ABT,0.09333818,,,,,
ABTC,0.33022319,,,,,
ABYSS,0.00707977,,,,,
ACAT,0.00012561,,,,,
ACD,0.02667958,,,,,
ACDC,0.00004489,,,,,
ACE,0.00598143,,,,,
ACM,0.01480986,,,,,
ACOIN,0.0156223,,,,,
ACT,0.00592977,,,,,
ACTN,0.00017871,,,,,
ACU,0.00168117,,,,,
AD,0.00086485,,,,,
ADA,0.0766407,,,,,
ADAB,0.00003309,,,,,
ADABEAR,9.1,,,,,
ADABULL,1770,,,,,
ADB,0.00094771,,,,,
ADCTOKEN,0.00816315,,,,,
ADE,0.00008978,,,,,
ADI,0.00032211,,,,,
ADK,0.73381818,,,,,
ADL,0.00448917,,,,,
ADMN,0.00000221,,,,,
ADN,0.00018823,,,,,
ADRX,0.00235641,,,,,
ADS,0.03043656,,,,,
ADVC,0.00089783,,,,,
ADX,0.09410362,,,,,
AE,0.12721178,,,,,
AEM,0.00446863,,,,,
AEON,0.56736902,,,,,
AER,0.00589679,,,,,
AERGO,0.02522139,,,,,
AFC,0.00098762,,,,,
AFCASH,1.39038508,,,,,
AFIN,0.00513349,,,,,
AFRO,0.00008978,,,,,
AFROX,0.00000002,,,,,
AGC,0.01750775,,,,,
AGET,0.00026935,,,,,
AGI,0.01682929,,,,,
AGLT,0.002,,,,,
AGR,0.00718267,,,,,
AGRD,0.00044892,,,,,
AGU,0.0026935,,,,,
AGVC,0.05512986,,,,,
AIAS,0.00493808,,,,,
AID,0.00847,,,,,
AIDOC,0.00187152,,,,,
AION,0.08946686,,,,,
AKM,0.00042036,,,,,
AKRO,0.00300631,,,,,
ALA,0.00000062,,,,,
ALADDIN,0.00016333,,,,,
ALEPH,0.02998745,,,,,
ALGO,0.20090663,,,,,
ALGOBEAR,8,,,,,
ALGOBULL,0.003627,,,,,
ALLBI,0.00006398,,,,,
ALLBIH,0.00000441,,,,,
ALLUVA,0.00637829,,,,,
ALPD,0.00415377,,,,,
ALTBEAR,594,,,,,
ALTBULL,18.585,,,,,
ALTM,0.0005387,,,,,
AMB,0.01226502,,,,,
AMM,0.00462065,,,,,
AMMBR,0.0064644,,,,,
AMN,0.00132596,,,,,
AMO,0.00043606,,,,,
ANCT,0.75257977,,,,,
ANDES,0.00098762,,,,,
ANI,0.00008978,,,,,
ANJ,0.01697216,,,,,
ANKR,0.00284286,,,,,
ANN,0.00531683,,,,,
ANON,0.00942725,,,,,
ANT,1.2577065,,,,,
ANTR,0.00026935,,,,,
ANTY,0.00044892,,,,,
ANU,0.00000221,,,,,
AOG,0.00439938,,,,,
APIS,0.0010215,,,,,
APL,0.00055946,,,,,
APM,0.07236539,,,,,
APPC,0.03770323,,,,,
APR,0.00446553,,,,,
AQX,0.01767874,,,,,
ARBITOOL,0.00987617,,,,,
ARCEE,0.00296285,,,,,
ARDR,0.04749709,,,,,
ARDX,0.00080802,,,,,
AREPA,0.00165201,,,,,
ARG,0.00080805,,,,,
ARI,0.00026935,,,,,
ARION,0.0021548,,,,,
ARK,0.3166314,,,,,
ARM,0.00014561,,,,,
ARMR,0.00089783,,,,,
ARMS,0.01364707,,,,,
ARN,0.15472421,,,,,
ARO,0.00071827,,,,,
ARPA,0.01156682,,,,,
ARQ,0.00771877,,,,,
ARRR,0.0245678,,,,,
ART,0.00722756,,,,,
ARTE,0.0043096,,,,,
ARX,0.36810732,,,,,
ASA,0.00006839,,,,,
ASAC,0.00001103,,,,,
ASAFE2,0.03589529,,,,,
ASIMI,0.06802997,,,,,
ASM,0.02340235,,,,,
AST,0.05082579,,,,,
ASTA,0.19211974,,,,,
ATHEIOS,0.00044892,,,,,
ATIC,0.0010774,,,,,
ATL,0.01934446,,,,,
ATLS,0.00045449,,,,,
ATN,0.00691332,,,,,
ATO,0.00008081,,,,,
ATOM,2.44478156,,,,,
ATOMBEAR,305,,,,,
ATOMBULL,28.1,,,,,
ATP,0.00188545,,,,,
AU,2.6109563,,,,,
AUC,0.07058487,,,,,
AUDAX,0.00134675,,,,,
AUDIOCOIN,0.00026935,,,,,
AUNIT,0.01199998,,,,,
AUSC,0.0048483,,,,,
AUTO,0.00032117,,,,,
AUX,0.00432233,,,,,
AVA,0.31180588,,,,,
AVC,2.07489339,,,,,
AVN,0.00007722,,,,,
AVT,0.12408596,,,,,
AXE,0.20654887,,,,,
AXEL,0.08708986,,,,,
AXL,0.00279383,,,,,
AXPR,0.004872,,,,,
AXT,0.06511428,,,,,
AYA,0.01013899,,,,,
AZ,0.00001526,,,,,
B1P,0.00191101,,,,,
B2BCOIN,0.00062848,,,,,
BAAS,0.00055818,,,,,
BAC,1.0018,,,,,
BAD,0.00000221,,,,,
BAK,0.18064412,,,,,
BAL,12.53920358,,,,,
BALO,0.00265841,,,,,
BAN,0.0008966,,,,,
BANCA,0.00004926,,,,,
BAND,1.02704635,,,,,
BANKCOINCASH,0.00000717,,,,,
BARE,0.193124,,,,,
BARIN,0.00178195,,,,,
BAT,0.27922902,,,,,
BAX,0.00007361,,,,,
BBP,0.00018312,,,,,
BBR,0.14643666,,,,,
BBS,0.0000009,,,,,
BBT,0.00457895,,,,,
BC,0.00015524,,,,,
BCCX,0.00433374,,,,,
BCD,0.66212654,,,,,
BCDT,0.03267247,,,,,
BCEO,0.08823925,,,,,
BCF,0.00125697,,,,,
BCG,0.00121344,,,,,
BCH,215.1456501,,,,,
BCHBEAR,71.55,,,,,
BCHBULL,5.423,,,,,
BCHIP,0.00000053,,,,,
BCM,0.16379044,,,,,
BCN,0.00019952,,,,,
BCNA,0.02504956,,,,,
BCP,0.26477112,,,,,
BCPT,0.02163776,,,,,
BCPX,0.00008978,,,,,
BCV,0.00395455,,,,,
BCX,0.00053931,,,,,
BCZ,0.03764623,,,,,
BCZERO,0.00251393,,,,,
BDCASH,0.08708986,,,,,
BDG,0.00103554,,,,,
BDP,0.00861111,,,,,
BDX,0.05369045,,,,,
BEAM,0.43874372,,,,,
BEARSHIT,71.8,,,,,
BECN,0.02684522,,,,,
BEER,0.00671965,,,,,
BEET,0.0035052,,,,,
BELA,0.00026935,,,,,
BELL,0.00224458,,,,,
BEN,0.00287307,,,,,
BENZ,0.00008604,,,,,
BEPRO,0.00085743,,,,,
BERRY,0.0003284,,,,,
BET,0.00736228,,,,,
BETN,0.00000002,,,,,
BETR,0.0009477,,,,,
BETXC,0.00143653,,,,,
BF,0.00219081,,,,,
BFT,0.00800031,,,,,
BGC,0.00125697,,,,,
BGG,0.00038966,,,,,
BGL,0.04040251,,,,,
BGT,0.01235504,,,,,
BHIG,0.03887619,,,,,
BHP,0.71956098,,,,,
BHT,0.13386699,,,,,
BHY,93.81,,,,,
BI,1.77571698,,,,,
BIA,0.00186371,,,,,
BID,3.67761611,,,,,
BIFI,0.0009537,,,,,
BIH,0.00017957,,,,,
BIM,0.00000221,,,,,
BIN,0.00062848,,,,,
BIR,0.00390891,,,,,
BIRD,0.00047284,,,,,
BIS,0.08041281,,,,,
BIT,0.0000772,,,,,
BITBAR,1.79692412,,,,,
BITBLOCKS,0.00179567,,,,,
BITC,0.01909496,,,,,
BITCOEN,0.0064644,,,,,
BITCURRENCY,0.0005273,,,,,
BITG,0.25757853,,,,,
BITHEREUM,0.00689149,,,,,
BITHOLD,0.00076998,,,,,
BITRUE,0.03375896,,,,,
BITTO,0.35934625,,,,,
BITTORRENT,0.00029323,,,,,
BIX,0.09038151,,,,,
BIXCPRO,0.00797222,,,,,
BIZZ,0.51338124,,,,,
BKBT,0.00062895,,,,,
BKG,0.00098762,,,,,
BLACK,0.0008093,,,,,
BLAST,0.00134675,,,,,
BLC,0.00044892,,,,,
BLK,0.03418836,,,,,
BLOAP,94.24,,,,,
BLOCK,1.26631932,,,,,
BLOCKBURN,0.00005074,,,,,
BLOCKCHAINCOM,0.00556657,,,,,
BLOCKSTACK,0.12147688,,,,,
BLOCKSTAMP,0.13467504,,,,,
BLOCMONEY,0.00547678,,,,,
BLOOD,0.0005326,,,,,
BLT,0.02617388,,,,,
BLUR,0.04489168,,,,,
BLVR,1.26859783,,,,,
BLZ,0.02619354,,,,,
BMAX,0.00000086,,,,,
BMH,0.00013916,,,,,
BMX,0.01369015,,,,,
BNANA,0.51173704,,,,,
BNB,15.11043851,,,,,
BNBBEAR,12.69,,,,,
BNBBULL,73.925,,,,,
BNK,0.00161984,,,,,
BNODE,0.04623843,,,,,
BNT,0.94737249,,,,,
BNY,0.00305263,,,,,
BOA,0.08722922,,,,,
BOCBP,114.3,,,,,
BOLDMANCAPITAL,0.00000919,,,,,
BOLENUM,0.0000009,,,,,
BOLI,0.010774,,,,,
BOLT,0.00209195,,,,,
BOLTT,0.00573627,,,,,
BOMB,0.79069463,,,,,
BON,0.00817029,,,,,
BONO,42.05270763,,,,,
BOO,0.00019967,,,,,
BOOMTOKEN,0.00176335,,,,,
BOS,0.0104418,,,,,
BOTX,0.05438393,,,,,
BOUTS,0.00130554,,,,,
BPAKC,0.00008384,,,,,
BPC,0.0006563,,,,,
BPER,0.00000044,,,,,
BPLC,0.00049016,,,,,
BPS,1.29772865,,,,,
BPX,0.00090908,,,,,
BQT,0.01060637,,,,,
BQTX,0.00652931,,,,,
BRAT,0.00000883,,,,,
BRAZ,0.00061196,,,,,
BRD,0.11064079,,,,,
BRO,0.00987617,,,,,
BRRR,145.39,,,,,
BRX,0.04668735,,,,,
BRYLLITE,0.00134675,,,,,
BRZX,0.06022563,,,,,
BSG,0.00008308,,,,,
BSH,0.00278328,,,,,
BSN,0.00008978,,,,,
BSOV,0.02714579,,,,,
BST,0.0024313,,,,,
BSTN,0.00000516,,,,,
BSTX,0.00058359,,,,,
BSV,164.9860716,,,,,
BSVBEAR,1.058,,,,,
BSVBULL,0.58225,,,,,
BSVG,0.00125697,,,,,
BTA,0.02109909,,,,,
BTAD,0.00027738,,,,,
BTBC,0.00022063,,,,,
BTBL,0.00068257,,,,,
BTC,8983.582117,,,,,
BTC2,0.76517227,,,,,
BTCB2,0.00000022,,,,,
BTCBEAR,1.885,,,,,
BTCBULL,2456,,,,,
BTCF,0.00017957,,,,,
BTCGENX,0.00026935,,,,,
BTCGW,0.00012796,,,,,
BTCHEDGE,1006.5,,,,,
BTCL,0.00251393,,,,,
BTCM,0.00044125,,,,,
BTCN,0.00188545,,,,,
BTCONE,0.00004489,,,,,
BTCPLUSPLUS,8625.901225,,,,,
BTCR,0.01985631,,,,,
BTCSHORT,7744,,,,,
BTCSILVER,0.94427804,,,,,
BTCT,0.00778663,,,,,
BTCUI,0.00011473,,,,,
BTCV,0.01804645,,,,,
BTCV2,277.5922586,,,,,
BTCZ,0.00007201,,,,,
BTD,0.00343514,,,,,
BTDX,0.00350155,,,,,
BTG,8.14362332,,,,,
BTL,0.00044125,,,,,
BTM,0.06422357,,,,,
BTMX,0.03582433,,,,,
BTMXBULL,10.61,,,,,
BTNT,0.00116718,,,,,
BTRL,1.70233282,,,,,
BTS,0.02387102,,,,,
BTSA,0.00233437,,,,,
BTSCOIN,0.00027833,,,,,
BTSE,1.57499231,,,,,
BTT,0.01214103,,,,,
BTTR,0.26854202,,,,,
BTU,0.41910871,,,,,
BTW,0.0010568,,,,,
BTX,0.17287002,,,,,
BU,0.00316872,,,,,
BUIDL,0.44508068,,,,,
BULL,2.79405809,,,,,
BULLSHIT,324.9,,,,,
BUNNY,0.00001324,,,,,
BURST,0.00404721,,,,,
BUSD,1.00233868,,,,,
BUSD3,3.30938785,,,,,
BUT,0.00139835,,,,,
BUX,0.71196456,,,,,
BUYCOINPOS,1.43204455,,,,,
BUZZ,0.00000898,,,,,
BVK,0.00260372,,,,,
BVOL,5390,,,,,
BVT,0.00023386,,,,,
BXK,0.11204963,,,,,
BXT,0.00326305,,,,,
BXY,0.00637462,,,,,
BYTS,0.32815817,,,,,
BZ,0.10854153,,,,,
BZE,0.00008978,,,,,
BZNT,0.01541335,,,,,
BZO,0.0086192,,,,,
BZT,1.66874322,,,,,
BZX,0.00134485,,,,,
C20,0.46350136,,,,,
C3W,0.00001986,,,,,
C4C,0.00000662,,,,,
CAG,0.06177576,,,,,
CAJ,1.15860709,,,,,
CALL,0.00015263,,,,,
CAM,0.01372737,,,,,
CAPP,0.0011776,,,,,
CARBON,0.00000432,,,,,
CARD,0.00155762,,,,,
CASH2,0.01427555,,,,,
CASHBERY,0.00727245,,,,,
CAT2,0.00017976,,,,,
CATCOIN,0.00179567,,,,,
CATO,0.00376672,,,,,
CATT,0.0001311,,,,,
CBC,0.00986113,,,,,
CBEX,0.0000499,,,,,
CBIX7,0.00903379,,,,,
CBOX,0.00363462,,,,,
CBT,0.00628484,,,,,
CBX,0.03151396,,,,,
CCCM,0.0002118,,,,,
CCH,0.00001662,,,,,
CCM,0.00008978,,,,,
CCO,0.00833266,,,,,
CCRB,0.00672719,,,,,
CCTC,0.00008978,,,,,
CDAI,0.02478598,,,,,
CDL,0.02845943,,,,,
CDT,0.00536228,,,,,
CDZC,0.02286439,,,,,
CEC,0.00000447,,,,,
CEL,0.35162234,,,,,
CELR,0.0034979,,,,,
CENNZ,0.07413135,,,,,
CENT,0.0005387,,,,,
CENTAURI,0.00071827,,,,,
CETH,4.41519901,,,,,
CFL,0.00008978,,,,,
CGEN,0.00000662,,,,,
CGMT,0.00000221,,,,,
CHA,0.02028206,,,,,
CHAI,1.02949157,,,,,
CHAN,0.00035913,,,,,
CHAT,0.00267875,,,,,
CHEESE,0.00013002,,,,,
CHFT,1.04911848,,,,,
CHG,0.16896532,,,,,
CHI,0.03332119,,,,,
CHND,0.0005387,,,,,
CHP,0.00471507,,,,,
CHR,0.02522072,,,,,
CHRT,0.00879877,,,,,
CHSB,0.10443125,,,,,
CHTC,0.00448917,,,,,
CHZ,0.01167163,,,,,
CICC,0.05943252,,,,,
CITY,0.02909343,,,,,
CLB,0.00228374,,,,,
CLC,0.00978639,,,,,
CLG,0.00014365,,,,,
CLO,0.00063458,,,,,
CLOAK,1.36389898,,,,,
CLOG,0.00014561,,,,,
CLT,0.89838789,,,,,
CMCN,0.00000221,,,,,
CMCT,0.00035825,,,,,
CMM,0.00125697,,,,,
CMT,0.01193329,,,,,
CMTR,0.00188545,,,,,
CNB,0.00044964,,,,,
CNC,0.00028019,,,,,
CNCT,0.00017957,,,,,
CND,0.00619545,,,,,
CNG,0.00001228,,,,,
CNN,0.00005963,,,,,
CNNS,0.00306486,,,,,
CNP,0.00000565,,,,,
CNRG,37.38015945,,,,,
CNUS,0.00050907,,,,,
CNYX,0.14254026,,,,,
CNZ,0.00000221,,,,,
COB,0.00026935,,,,,
COCOS,0.0003226,,,,,
CODEO,0.55073258,,,,,
COF,0.00107729,,,,,
COFI,0.00124249,,,,,
COINBTC,95.5,,,,,
COINCLAIM,0.00013674,,,,,
COLX,0.00026136,,,,,
COMMODITYADNETWORK,0.00152787,,,,,
COMMUNITY,0.0026935,,,,,
COMP,233.7912656,,,,,
COMP2,0.00007609,,,,,
CON,0.00360477,,,,,
CORN,0.00001495,,,,,
CORONA,0.00006172,,,,,
COS,0.00728765,,,,,
COSM,0.00864016,,,,,
COT,0.00004225,,,,,
COTI,0.02513875,,,,,
COV,0.20088549,,,,,
COVA,0.00042673,,,,,
COVAL,0.00017957,,,,,
COW,0.02393924,,,,,
CPAY,0.02755946,,,,,
CPC,0.00224444,,,,,
CPT,0.00014689,,,,,
CPU,0.00026935,,,,,
CPX,0.00297687,,,,,
CRAD,0.00526164,,,,,
CRCL,0.00008978,,,,,
CRCT,0.00008978,,,,,
CRE,0.00231723,,,,,
CREA,0.03328065,,,,,
CREX,3.92353272,,,,,
CRM,0.00036811,,,,,
CRN,0.00296285,,,,,
CRO,0.11063484,,,,,
CROAT,0.00116718,,,,,
CRP,0.00071827,,,,,
CRPT,0.30729762,,,,,
CRU,0.00274737,,,,,
CRUZ,0.02325389,,,,,
CRW,0.05986459,,,,,
CRYP,0.00024971,,,,,
CRYPL,2.86813202,,,,,
CRYPT,0.00224458,,,,,
CRYPTO,0.33776499,,,,,
CRYPTOBOSSCOIN,0.66187713,,,,,
CRYPTONODES,0.00098762,,,,,
CRYT,0.00000441,,,,,
CS,0.04661132,,,,,
CSC,0.00050368,,,,,
CSCJ,0.01795667,,,,,
CSE,0.05593503,,,,,
CSNP,0.06733752,,,,,
CSOUL,0.00021621,,,,,
CSP,0.00299657,,,,,
CSPN,0.15622304,,,,,
CSTL,0.00080805,,,,,
CTAG,0.49850544,,,,,
CTG,0.0025,,,,,
CTL,0.0016161,,,,,
CTSI,0.0327304,,,,,
CTXC,0.1122367,,,,,
CUBITS,0.00035913,,,,,
CUR,0.27976638,,,,,
CURE,0.05889786,,,,,
CUTE,0.14195647,,,,,
CV,0.00023697,,,,,
CVA,0.21996614,,,,,
CVC,0.02519442,,,,,
CVCC,7.20134354,,,,,
CVCOIN,0.03375854,,,,,
CVNT,0.01090363,,,,,
CVT,0.03835509,,,,,
CWN,0.0002485,,,,,
CWV,0.00425214,,,,,
CXO,0.02629051,,,,,
CYB,0.01520876,,,,,
CYBEREITS,0.00077585,,,,,
CYFM,0.00000042,,,,,
CYL,0.00462659,,,,,
CZR,0.0043706,,,,,
DAC,0.00909027,,,,,
DACC,0.00001865,,,,,
DADI,0.03022572,,,,,
DAG,0.00636625,,,,,
DAGT,0.11633814,,,,,
DAI,1.00713885,,,,,
DAM,0.08807747,,,,,
DANG,0.00020739,,,,,
DAPPT,0.00069787,,,,,
DAPS,0.0000967,,,,,
DASH,67.42498834,,,,,
DASHD,0.01633504,,,,,
DASHG,0.00255883,,,,,
DAT,0.00097417,,,,,
DATA,0.04576049,,,,,
DATX,0.00029298,,,,,
DAV,0.00023387,,,,,
DAVP,0.56491307,,,,,
DAWN,0.11316034,,,,,
DAX,0.00376269,,,,,
DAY,0.1322509,,,,,
DBC,0.00074692,,,,,
DBIX,0.03887619,,,,,
DBT,0.00004633,,,,,
DBTC,0.00023386,,,,,
DCH,0.01301859,,,,,
DCN,0.00000423,,,,,
DCR,13.92873166,,,,,
DCT,0.00849328,,,,,
DCW,0.00008978,,,,,
DCY,0.0005387,,,,,
DDAM,0.02649722,,,,,
DDK,2.76744233,,,,,
DDN,0.0063339,,,,,
DDR,0.67876218,,,,,
DEAL,0.00008978,,,,,
DEC,0.10102231,,,,,
DEEP,0.00037506,,,,,
DEEX,0.00769113,,,,,
DEL,0.00043243,,,,,
DEMA,0.00012796,,,,,
DENT,0.00019237,,,,,
DEQ,0.00017957,,,,,
DERO,0.54778688,,,,,
DEV,0.0087134,,,,,
DEX,0.00736224,,,,,
DFN,8.86558379,,,,,
DGB,0.01770627,,,,,
DGC,0.00207267,,,,,
DGD,42.68415146,,,,,
DGM,0.00028731,,,,,
DGTX,0.04193141,,,,,
DGX,56.40270338,,,,,
DIG,0.00001,,,,,
DIME,0.00000221,,,,,
DIN,0.00010774,,,,,
DIP,0.00440064,,,,,
DISK,0.0002736,,,,,
DIT,0.00130241,,,,,
DIVI,0.04528149,,,,,
DIVO,0.00017957,,,,,
DKYC,0.01493878,,,,,
DLN,0.00187591,,,,,
DLT,0.03424718,,,,,
DLX,0.00529722,,,,,
DMB,0.00017957,,,,,
DMG,0.83752002,,,,,
DMME,0.0048486,,,,,
DMT,0.14205871,,,,,
DNA,0.00779193,,,,,
DNA2,0.07945827,,,,,
DNR,0.21539027,,,,,
DNT,0.00628489,,,,,
DOCH,0.70901917,,,,,
DOCK,0.00655265,,,,,
DOGE,0.00228915,,,,,
DOGEC,0.01750775,,,,,
DOLLAR,0.11914104,,,,,
DOPE,0.00179567,,,,,
DOSNETWORK,0.00267284,,,,,
DOT,113.4548762,,,,,
DOTIOU,137.5821924,,,,,
DOVU,0.00121845,,,,,
DOW,0.00950235,,,,,
DPT,7.6468404,,,,,
DREAM,0.01589165,,,,,
DREAMSCAPE,3.04884653,,,,,
DREP,0.00278332,,,,,
DRG,0.04417601,,,,,
DRGN,0.07526383,,,,,
DRGNBEAR,114.375,,,,,
DRGNBULL,439.5,,,,,
DRM,0.00438511,,,,,
DRT,0.00160057,,,,,
DSC,0.00008978,,,,,
DSLA,0.00032653,,,,,
DSR,0.00071827,,,,,
DST,0.00035913,,,,,
DT,1.44462184,,,,,
DTA,0.000275,,,,,
DTC,0.00026935,,,,,
DTE,0.00142174,,,,,
DTEM,0.00005387,,,,,
DTH,0.00152,,,,,
DTR,0.01187401,,,,,
DTX,0.04354493,,,,,
DUDGX,0.00017957,,,,,
DUO,0.00499061,,,,,
DUSK,0.0288529,,,,,
DVC,0.21074062,,,,,
DVP,0.00906182,,,,,
DVT,0.00054768,,,,,
DVX,0.02472325,,,,,
DX,0.00194962,,,,,
DXG,0.00000221,,,,,
DXO,0.01318918,,,,,
DXR,0.64798852,,,,,
DXT,0.00088692,,,,,
DXTS,2.65595848,,,,,
DYNMT,0.19635922,,,,,
DYT,0.01469367,,,,,
E01,0.00049641,,,,,
E2C,0.00273683,,,,,
EAC,0.00006734,,,,,
EAI,0.0026453,,,,,
EASTICOIN,0.00888855,,,,,
EASYMINE,0.00377049,,,,,
EBASE,1.11204035,,,,,
EBC,0.00008308,,,,,
EBK,0.00253831,,,,,
EBLOAP,136.48,,,,,
ECA,0.00024576,,,,,
ECASH,0.004592,,,,,
ECO,0.00076601,,,,,
ECOM,0.00201652,,,,,
ECOREAL,0.05153565,,,,,
ECP,0.00089851,,,,,
ECPN,0.00000441,,,,,
ECTE,0.08575107,,,,,
ED,0.00727245,,,,,
EDC,0.00110458,,,,,
EDC20,0.00310442,,,,,
EDEL,0.22002561,,,,,
EDG,0.00677077,,,,,
EDI,0.00746899,,,,,
EDN,0.00120841,,,,,
EDO,0.63305307,,,,,
EDR,0.00463487,,,,,
EDRA,0.00000441,,,,,
EDU,0.00011961,,,,,
EER,0.00035913,,,,,
EGCC,0.00010229,,,,,
EGEM,0.0033579,,,,,
EGT,0.00096776,,,,,
EGWCAP,0.00019856,,,,,
EKO,0.00140415,,,,,
EKT,0.00754374,,,,,
ELA,1.43287242,,,,,
ELAC,0.00340609,,,,,
ELD,0.00125687,,,,,
ELEC,0.00131242,,,,,
ELF,0.08628387,,,,,
ELICOIN,0.00026935,,,,,
ELITE,0.00368112,,,,,
ELOAP,105.64,,,,,
ELPH,0.00017957,,,,,
ELT,0.00448917,,,,,
ELTCOIN,0.00020739,,,,,
ELY,0.00058737,,,,,
EMANATE,0.00904476,,,,,
EMC,0.05074176,,,,,
EMC2,0.04943536,,,,,
EMD,0.00520743,,,,,
EMRALS,0.01414205,,,,,
EMRX,0.39924863,,,,,
EMS,2.00644742,,,,,
ENCRYPTOTELETH2,0.00386068,,,,,
ENDORSIT,0.00000265,,,,,
ENG,0.22380231,,,,,
ENJ,0.15089143,,,,,
ENQ,0.00727259,,,,,
ENTS,0.0000011,,,,,
ENY,0.00089783,,,,,
EOS,2.31083115,,,,,
EOSBEAR,11.535,,,,,
EOSBULL,2.259,,,,,
EOSDAC,0.00125536,,,,,
EOSDT,0.99601927,,,,,
EPAY,0.00787413,,,,,
EPH,0.00006788,,,,,
EPIC,0.0577307,,,,,
EPWR,0.00000221,,,,,
EQUAD,0.00029793,,,,,
ERC20,0.05041959,,,,,
ERD,0.00475849,,,,,
ERISTICA,0.00197523,,,,,
ERK,0.00764353,,,,,
ERO,0.00071827,,,,,
ERZ,0.00034118,,,,,
ESBC,0.02218471,,,,,
ESCX,0.00024489,,,,,
ESH,0.08754386,,,,,
ESK,0.01301859,,,,,
ESN,0.00156223,,,,,
ESP,0.00001765,,,,,
ESR,0.01265945,,,,,
ESS,0.00008825,,,,,
ETA,0.00000132,,,,,
ETAS,102.16,,,,,
ETBOLD,0.00063981,,,,,
ETC,5.56024265,,,,,
ETCBEAR,29.79,,,,,
ETCBULL,71.375,,,,,
ETGP,0.00001103,,,,,
ETH,220.0773384,,,,,
ETH12EMACO,234.05,,,,,
ETH20SMACO,418.41,,,,,
ETH26EMACO,264.6,,,,,
ETH50SMACO,220.87,,,,,
ETHBEAR,1.04725,,,,,
ETHBNT,0.58359182,,,,,
ETHBTC7525,138.21,,,,,
ETHBULL,195.1,,,,,
ETHDAIS,102.89,,,,,
ETHEMAAPY,259.94,,,,,
ETHERLEGENDS,0.04147763,,,,,
ETHM,0.00017957,,,,,
ETHMACOAPY,375.37,,,,,
ETHMOONX,95.13,,,,,
ETHMOONX2,136.93,,,,,
ETHO,0.0030396,,,,,
ETHOS,0.04669493,,,,,
ETHPA,162.22,,,,,
ETHRSI6040,253.55,,,,,
ETHRSIAPY,252.81,,,,,
ETHUSDADL4,122.22,,,,,
ETI,0.00005028,,,,,
ETK,0.00008619,,,,,
ETN,0.00504579,,,,,
ETO,0.03268114,,,,,
ETP,0.10217229,,,,,
ETT,0.00395047,,,,,
ETX,0.00008978,,,,,
ETZ,0.00618005,,,,,
EUBC,0.00071924,,,,,
EUM,0.87089857,,,,,
EUNO,0.01780656,,,,,
EURS,1.12324774,,,,,
EURX,1.10859783,,,,,
EVC,0.00536503,,,,,
EVED,0.02484797,,,,,
EVENCOIN,0.00485889,,,,,
EVN,0.00504626,,,,,
EVOS,0.0005387,,,,,
EVX,0.20834047,,,,,
EVY,0.00054926,,,,,
EVZ,0.00498453,,,,,
EWT,5.7177582,,,,,
EXCC,0.00152632,,,,,
EXCHBEAR,362.1,,,,,
EXCHBULL,2360,,,,,
EXCL,0.04511909,,,,,
EXCOINCIAL,0.63215223,,,,,
EXE,0.0978919,,,,,
EXMOCOIN,0.00253189,,,,,
EXO,0.11580829,,,,,
EXOR,0.0032322,,,,,
EXP,0.02339658,,,,,
EXPERIENCECOIN,0.00005623,,,,,
EXPO,0.00000883,,,,,
EXRN,0.00000883,,,,,
EXRT,0.00099723,,,,,
EXY,0.02819197,,,,,
EZPAY,0.00897834,,,,,
EZY,0.00081566,,,,,
F1C,0.00046773,,,,,
FAB,0.00803481,,,,,
FACE,0.00113504,,,,,
FAIRGAME,0.00210305,,,,,
FAT,0.01280932,,,,,
FBN,0.00008624,,,,,
FCH,0.1337772,,,,,
FCL,0.00000015,,,,,
FCT,1.60805388,,,,,
FDN,0.00008978,,,,,
FDR,0.02684522,,,,,
FDS,0.00008842,,,,,
FDT,0.01364707,,,,,
FDZ,0.00040154,,,,,
FED,0.00000252,,,,,
FET,0.02615465,,,,,
FIDEXEXCHANGE,0.00000018,,,,,
FIH,0.0044027,,,,,
FIT2,0.00008887,,,,,
FIXNETWORK,0.00036811,,,,,
FK,2.34774502,,,,,
FLASH,0.0032322,,,,,
FLC,1.68708147,,,,,
FLETA,0.00929737,,,,,
FLITS,1.32134167,,,,,
FLO,0.02271516,,,,,
FLOT,0.00344617,,,,,
FLP,0.00564288,,,,,
FLS,1.06509334,,,,,
FNB,0.00273829,,,,,
FNT,0.00011473,,,,,
FNX,0.00258498,,,,,
FOAM,0.0161327,,,,,
FOFB,2.59779167,,,,,
FOG,0.11968122,,,,,
FOIN,0.70742678,,,,,
FOOD,0.00035913,,,,,
FORCEPROTOCOL,0.03672499,,,,,
FORESTPLUS,0.01751404,,,,,
FOREX,0.00001986,,,,,
FORTKNOXTER,0.00212153,,,,,
FOTA,0.00054686,,,,,
FOXT,0.01126863,,,,,
FPT,0.00059814,,,,,
FREE,0.00000007,,,,,
FRM,0.03442942,,,,,
FSCC,0.48516342,,,,,
FSN,0.49331026,,,,,
FST,0.48802918,,,,,
FT1,0.00000883,,,,,
FTB,0.00002206,,,,,
FTC,0.0077648,,,,,
FTH,0.00017871,,,,,
FTI,0.00046194,,,,,
FTM,0.00571874,,,,,
FTN,0.01157922,,,,,
FTX,0.01917615,,,,,
FTXBIDEN,0.545,,,,,
FTXTOKEN,2.81449026,,,,,
FUEL,0.00314242,,,,,
FUN,0.00352652,,,,,
FUNTIMECOIN,0.00951704,,,,,
FUZE,48.44582104,,,,,
FXC,0.00372358,,,,,
FXCOIN,0.00206502,,,,,
FXN,0.10594436,,,,,
FXP,0.00025048,,,,,
FXT,0.00061337,,,,,
FXTC,0.05738952,,,,,
FYP,0.01284103,,,,,
FZ,0.00773035,,,,,
FZY,0.0129288,,,,,
FZZ,0.00219818,,,,,
GALI,0.00149287,,,,,
GAME,0.0871801,,,,,
GARD,0.00001517,,,,,
GARK,0.01343611,,,,,
GAS,1.67822882,,,,,
GASTROADVISOR,0.00108548,,,,,
GAT,0.00341177,,,,,
GATE,0.00389673,,,,,
GB,0.00098762,,,,,
GBC,0.00002621,,,,,
GBT,0.00007477,,,,,
GBX,0.02829482,,,,,
GBYTE,19.47659014,,,,,
GC,0.02047061,,,,,
GCG,0.00026877,,,,,
GCH,0.0000009,,,,,
GCR,0.00048481,,,,,
GCZ,0.00691332,,,,,
GDAC,0.00030364,,,,,
GDP,2.07456781,,,,,
GEFT,5.41856742,,,,,
GEN,0.07807457,,,,,
GENES,0.00826712,,,,,
GENIX,0.00035763,,,,,
GENT,0.0000006,,,,,
GENX,0.00003089,,,,,
GEO,0.24448008,,,,,
GET,0.00357607,,,,,
GEX,0.00000221,,,,,
GFNCASH,0.00008978,,,,,
GFUN,0.00101808,,,,,
GGC,42.14466717,,,,,
GHOST,1.36284689,,,,,
GIC,0.01427579,,,,,
GIG,0.0198872,,,,,
GIO,0.00032318,,,,,
GJCO,0.0037709,,,,,
GLDX,0.08807747,,,,,
GLEEC,0.12062179,,,,,
GLEX,0.00052509,,,,,
GLOB,14.4031944,,,,,
GLOBAL,0.00017957,,,,,
GLT,0.0005387,,,,,
GMAC,12.45141723,,,,,
GMAT,0.00070843,,,,,
GMB,0.00011202,,,,,
GMCI,0.0000066,,,,,
GNO,22.64058156,,,,,
GNT,0.0496768,,,,,
GNX,0.01031503,,,,,
GNY,0.03618269,,,,,
GO,0.01105046,,,,,
GOB,0.01490404,,,,,
GOD,4.13003445,,,,,
GOM2,0.00964007,,,,,
GON,0.00244895,,,,,
GOOC,0.00028012,,,,,
GOS,0.24681398,,,,,
GOSS,0.00235758,,,,,
GOT,0.03604355,,,,,
GOXT,0.00439938,,,,,
GPKR,0.00305263,,,,,
GPS,0.01741797,,,,,
GQC,0.0015748,,,,,
GRFT,0.00026935,,,,,
GRIN,0.45559481,,,,,
GRN,0.00202013,,,,,
GRS,0.17502081,,,,,
GRT,0.00008978,,,,,
GSC,0.00522905,,,,,
GSR,0.01634057,,,,,
GST,0.00116718,,,,,
GT,0.48802648,,,,,
GTC,0.01053963,,,,,
GTM,0.0156223,,,,,
GTN,0.36581336,,,,,
GTO,0.01069823,,,,,
GTX,0.48411,,,,,
GUAP,0.0474954,,,,,
GUNTHY,0.07990719,,,,,
GUSD,0.99041549,,,,,
GUSS,0.00008896,,,,,
GUTS,0.49640343,,,,,
GVE,0.00017418,,,,,
GVT,1.07165084,,,,,
GWP,0.00178815,,,,,
GXC,0.47458153,,,,,
GXE,0.00062848,,,,,
GXT,0.16340571,,,,,
GXX,0.02882973,,,,,
GZRO,0.00008978,,,,,
HAL,0.0008825,,,,,
HAND,0.00000022,,,,,
HAPPY,0.00601548,,,,,
HAPY,0.00997228,,,,,
HARMONY,0.00394701,,,,,
HASH2,0.00017957,,,,,
HAVY,0.00000221,,,,,
HB,0.00510805,,,,,
HBAR,0.03726415,,,,,
HBC,3.2007767,,,,,
HBD,0.95691102,,,,,
HBT,0.05723913,,,,,
HC,1.07698618,,,,,
HCA,0.29790118,,,,,
HDAC,0.02356541,,,,,
HDI,25.846828,,,,,
HDS,0.00000576,,,,,
HELP,0.00227206,,,,,
HELPICO,0.0818,,,,,
HER,0.00015049,,,,,
HERB,0.00000221,,,,,
HERC,0.00351982,,,,,
HEX2,0.00278524,,,,,
HG,0.00032399,,,,,
HIBS,0.0005964,,,,,
HILK,0.00000441,,,,,
HIT,0.00009327,,,,,
HIVE,0.00089133,,,,,
HLF,0.32109632,,,,,
HLIX,0.0113127,,,,,
HLS,0.00026752,,,,,
HMQ,0.00477938,,,,,
HMR,0.42030754,,,,,
HNC,0.31182311,,,,,
HNDC,0.0000009,,,,,
HNI,0.00001324,,,,,
HNS,0.08101122,,,,,
HNT,0.07632037,,,,,
HODL,0.0000706,,,,,
HOLD,0.00004633,,,,,
HOMI,9.65245421,,,,,
HOR,0.00011914,,,,,
HOSP,0.00089783,,,,,
HOT,0.00093814,,,,,
HP,0.57654363,,,,,
HPB,0.10026637,,,,,
HPOT,0.00019938,,,,,
HPT,0.00536556,,,,,
HQT,0.00036844,,,,,
HQX,0.00186649,,,,,
HRD,0.00937509,,,,,
HRT,0.01046751,,,,,
HT,4.10373619,,,,,
HTB,0.00196972,,,,,
HTBEAR,244.4,,,,,
HTBULL,267.2,,,,,
HTML,0.00006674,,,,,
HTT,0.00000441,,,,,
HUBBS,0.00000221,,,,,
HUM,0.00916384,,,,,
HUNT,0.00242415,,,,,
HUSD,1.00163299,,,,,
HUSH,0.0562459,,,,,
HUSL,0.00042406,,,,,
HVN,0.0061051,,,,,
HWC,0.00008978,,,,,
HWI,0.09876169,,,,,
HYC,0.00319095,,,,,
HYDRO,0.0002722,,,,,
HYN,0.50666843,,,,,
HYP,0.00055328,,,,,
HYPRO,0.00598945,,,,,
HYPX,0.00000007,,,,,
IBTC3,0.00007284,,,,,
IBVOL,4315,,,,,
IC,0.13476482,,,,,
ICH,4.04053959,,,,,
ICNQ,0.24193058,,,,,
ICOC,5.18470417,,,,,
ICOL,0.00044892,,,,,
ICR,0.00098762,,,,,
ICX,0.28269298,,,,,
IDH,0.00297219,,,,,
IDRT,0.00006913,,,,,
IDT,0.0023087,,,,,
IDXM,143.8068161,,,,,
IETH2,0.05192268,,,,,
IETH20SMACO,103.77,,,,,
IFC,0.00000449,,,,,
IFV,0.00251393,,,,,
IFX24,0.01633954,,,,,
IGG,0.0000995,,,,,
IGNIS,0.02330892,,,,,
IHF,0.09867846,,,,,
IHT,0.00100034,,,,,
IIC,0.0001927,,,,,
ILC,0.02593922,,,,,
ILK,0.00165316,,,,,
IMBTC,8797.618526,,,,,
IMG,0.04529895,,,,,
IMGC,0.01221042,,,,,
IMP2,0.00251402,,,,,
IMPL,0.00718267,,,,,
IMT,0.00004192,,,,,
INB,0.44119542,,,,,
INC,0.00385955,,,,,
INF,0.02589915,,,,,
INFO,0.00009009,,,,,
INFT,0.00041268,,,,,
INK,0.00099691,,,,,
INN,0.02720436,,,,,
INNBC,0.00000002,,,,,
INNBCL,0.0002537,,,,,
INS,0.13422612,,,,,
INSN,0.00321399,,,,,
INSTAR,0.01391642,,,,,
INT,0.01073014,,,,,
INVE,0.00054274,,,,,
INXT,0.97855915,,,,,
IOC,0.06509293,,,,,
IONC,0.05196825,,,,,
IOST,0.00547678,,,,,
IOT,0.20141654,,,,,
IOTX,0.00465891,,,,,
IOUX,0.01292415,,,,,
IOV,0.00006464,,,,,
IPL,0.00118334,,,,,
IPS,0.00026935,,,,,
IPX,0.07413769,,,,,
IQ,0.00168703,,,,,
IQCASH,0.03152214,,,,,
IRD,0.0032273,,,,,
IRIS,0.0209464,,,,,
ISR,0.00296406,,,,,
IST,0.00197523,,,,,
ITAM,0.00466873,,,,,
ITC,0.10647266,,,,,
ITI,1.1064901,,,,,
ITL,0.0000018,,,,,
ITO,9.7074209,,,,,
ITT,0.00224458,,,,,
IWAY,0.00000181,,,,,
IX,0.00002451,,,,,
IXC,0.07164108,,,,,
IXT,0.00336772,,,,,
JACK,0.05850773,,,,,
JAN,0.00305263,,,,,
JAR,0.00308216,,,,,
JDC,0.10333589,,,,,
JET,0.0287558,,,,,
JMC,0.00000073,,,,,
JNB,88.46075891,,,,,
JNT,0.02648257,,,,,
JOB,0.00008071,,,,,
JOB2,0.00001077,,,,,
JOINT,0.00165249,,,,,
JOOS,0.00026935,,,,,
JOY,0.0145613,,,,,
JPX,33.19678,,,,,
JRT,0.10951164,,,,,
JS,0.00129288,,,,,
JT,0.00002206,,,,,
JUL,0.03623363,,,,,
JUMP,0.00341177,,,,,
JWL,0.29899679,,,,,
KAASO,0.00061775,,,,,
KAI2,0.00232822,,,,,
KALI,0.00017957,,,,,
KAN,0.00288395,,,,,
KAT,0.00152632,,,,,
KAVA,1.08864618,,,,,
KBC,0.00366841,,,,,
KBOT,0.05360066,,,,,
KCASH,0.01313745,,,,,
KCS,0.84135993,,,,,
KDA,0.41156691,,,,,
KEC,0.01535295,,,,,
KED,0.00125697,,,,,
KEK,0.02370281,,,,,
KEMA,0.00036273,,,,,
KEY,0.0011172,,,,,
KEY2,0.0008119,,,,,
KICK,0.00001465,,,,,
KIN,0.00000734,,,,,
KIND,0.00097864,,,,,
KISC,0.00087809,,,,,
KIT,0.00000441,,,,,
KK,0.00023166,,,,,
KLKS,0.0037709,,,,,
KMD,0.5943146,,,,,
KNC,1.06439253,,,,,
KNOW,0.00136869,,,,,
KNT,0.00001324,,,,,
KOD,0.00017957,,,,,
KORE,0.0140062,,,,,
KORIS,0.0189412,,,,,
KOTO,0.00089783,,,,,
KOUMEI,0.0001257,,,,,
KRB,0.04440612,,,,,
KREDS,0.00008978,,,,,
KRL,0.09954708,,,,,
KRT,0.00082334,,,,,
KSC,0.01495358,,,,,
KSH,0.00260372,,,,,
KST,0.00015263,,,,,
KTETH,0.05018858,,,,,
KTS,0.08188242,,,,,
KUBO,0.00000502,,,,,
KUKY,0.00553851,,,,,
KVI,0.00514902,,,,,
KWH,0.00000662,,,,,
KXC,0.00000221,,,,,
KYD2,0.00439938,,,,,
KZC,0.04659756,,,,,
KZE,0.12134414,,,,,
LA,0.02201359,,,,,
LABX,0.05099695,,,,,
LAMB,0.01674167,,,,,
LAMBO,0.00000008,,,,,
LATX,0.00098762,,,,,
LBA,0.01177439,,,,,
LBC,0.02783284,,,,,
LBTC,1.34845357,,,,,
LC,0.00008709,,,,,
LCC,0.00394779,,,,,
LCP,0.03537464,,,,,
LCX,0.00867183,,,,,
LDCN,0.00035913,,,,,
LEDU,0.00468175,,,,,
LEGA,118.43,,,,,
LELOAP,135.77,,,,,
LEMO,0.00253031,,,,,
LEND,0.12036782,,,,,
LEOBEAR,13320,,,,,
LEOBULL,392.2,,,,,
LEOTOKEN,1.23774613,,,,,
LET,0.00428177,,,,,
LEV,0.01599536,,,,,
LEVL,0.11223028,,,,,
LGO,0.00794253,,,,,
LHCOIN,0.00281298,,,,,
LHT,0.00080803,,,,,
LIB,0.00000221,,,,,
LICC,0.00046522,,,,,
LIF,0.06470363,,,,,
LIKE,0.00375468,,,,,
LINA,0.02124014,,,,,
LINDA,0.00017957,,,,,
LINK,4.40645892,,,,,
LINKA,0.0053999,,,,,
LINKBEAR,3.971,,,,,
LINKBULL,796.75,,,,,
LINKETHPA,187.51,,,,,
LINKETHRSI,74.31,,,,,
LINKPT,120.62,,,,,
LINKRSICO,62.15,,,,,
LIT,0.05465037,,,,,
LITB,0.00080805,,,,,
LITHIUM,0.00008978,,,,,
LIZA,0.00000002,,,,,
LKK,0.01145658,,,,,
LKN,0.00029564,,,,,
LKU,0.00012461,,,,,
LMCH,0.0649567,,,,,
LMY,0.00050118,,,,,
LN,17.95676129,,,,,
LNC,0.00745202,,,,,
LND,0.00105455,,,,,
LNK,13.46570797,,,,,
LNKO,0.00035878,,,,,
LOBS,0.021548,,,,,
LOC,0.24790785,,,,,
LOG,0.05321988,,,,,
LOKI,0.32577054,,,,,
LOL,0.00037529,,,,,
LOOM,0.01840452,,,,,
LOT,0.00721334,,,,,
LOTEU,0.00014782,,,,,
LOTO,0.00020087,,,,,
LPS,0.00166151,,,,,
LPT,2.38934362,,,,,
LQD,0.01461032,,,,,
LRC,0.07369108,,,,,
LRM,0.00008437,,,,,
LSK,1.0959037,,,,,
LST7,0.00257587,,,,,
LSV,0.19605034,,,,,
LTB,0.01355729,,,,,
LTC,40.86673321,,,,,
LTCBEAR,1416,,,,,
LTCBULL,2.215,,,,,
LTFN,0.00017957,,,,,
LTHN,0.00017957,,,,,
LTO,0.04886466,,,,,
LUCKY,0.0025019,,,,,
LUCKYBIT,0.00028731,,,,,
LUD,0.00014867,,,,,
LUN,1.21165839,,,,,
LUNA,0.20960253,,,,,
LUNES,0.00502092,,,,,
LUX,0.06195052,,,,,
LVN,0.0064,,,,,
LVT,0.00125697,,,,,
LVTC,0.00012796,,,,,
LXMT,0.00000221,,,,,
LXT,0.00217215,,,,,
LYM,0.00294067,,,,,
LYNX,0.00002694,,,,,
LYRA,0.03070591,,,,,
LYTX,0.00044892,,,,,
LYXE,0.26236809,,,,,
LZE,0.000216,,,,,
MACPO,0.007893,,,,,
MAGICCUBE,0.00008083,,,,,
MAID,0.101486,,,,,
MALW,0.2567804,,,,,
MAN,0.01502958,,,,,
MANA,0.03722509,,,,,
MANNA,0.00052094,,,,,
MANO,0.00439938,,,,,
MAPC,0.01885451,,,,,
MAPR,140.6365196,,,,,
MAR,0.00361213,,,,,
MARC,0.00125697,,,,,
MARTK,0.02539617,,,,,
MAS,0.00155541,,,,,
MASH,0.00019415,,,,,
MATIC,0.01963823,,,,,
MATICBEAR,0.2029,,,,,
MATICBULL,7.1,,,,,
MATO,0.00000221,,,,,
MATREXCOIN,0.00520743,,,,,
MAXTOKEN,0.10867909,,,,,
MB,0.00018072,,,,,
MBGL,0.00062848,,,,,
MBL,0.00167243,,,,,
MBS,0.01416886,,,,,
MCASH,0.00211925,,,,,
MCH,0.07618019,,,,,
MCM,0.04561384,,,,,
MCN,0.00026935,,,,,
MCO,4.11681768,,,,,
MCPC,0.00854297,,,,,
MCR,0.02415172,,,,,
MCT,0.00048623,,,,,
MDA,0.41930916,,,,,
MDB,0.00224458,,,,,
MDS,0.00333383,,,,,
MDT,0.00865245,,,,,
MDTK,0.0016161,,,,,
ME,0.02244584,,,,,
MED,0.00382994,,,,,
MEDIBIT,0.00000104,,,,,
MEDIC,0.00004443,,,,,
MEDICALTOKENCURRENCY,0.00395066,,,,,
MEET,0.00662157,,,,,
MEME,0.0086192,,,,,
MER,0.00601548,,,,,
MERGE,0.00664397,,,,,
MERI,0.10503318,,,,,
MES,0.00011693,,,,,
META,0.00664392,,,,,
METACOIN,0.02262541,,,,,
METM,0.00017871,,,,,
MEX,0.00030167,,,,,
MEXC,0.00102084,,,,,
MFC,0.00502987,,,,,
MFCK,156.78,,,,,
MFG,0.01010113,,,,,
MFT,0.00089176,,,,,
MGCTOKEN,0.00139656,,,,,
MGX,0.0071593,,,,,
MHC,0.0037151,,,,,
MHLX,0.00116718,,,,,
MHSP,0.00895866,,,,,
MIB,0.00542967,,,,,
MIC3,0.00000009,,,,,
MICRO,0.0000011,,,,,
MICROBTC,0.00005228,,,,,
MIDAS,0.90629192,,,,,
MIDBEAR,91,,,,,
MIDBULL,385.6,,,,,
MIG,0.00013952,,,,,
MIN,1.69837731,,,,,
MINDS,0.00008978,,,,,
MINX,0.08466571,,,,,
MIR,0.00236113,,,,,
MITH,0.00534599,,,,,
MITX,0.0085862,,,,,
MIX,0.00318642,,,,,
MKEY,0.12659453,,,,,
MKR,438.6902496,,,,,
MLN,12.46482622,,,,,
MLR,0.04327794,,,,,
MMO,0.00232016,,,,,
MNC,0.00645016,,,,,
MNG,0.00008978,,,,,
MNP,0.00134675,,,,,
MNS,0.00180953,,,,,
MOC,0.0179443,,,,,
MODEX,0.00311649,,,,,
MODL,0.41849704,,,,,
MODX,0.00395047,,,,,
MOF,0.1835187,,,,,
MOG,0.01032095,,,,,
MOGX,0.03564769,,,,,
MOIN,0.00511765,,,,,
MOJO,0.00125697,,,,,
MOLK,0.00350155,,,,,
MON,0.03096628,,,,,
MONA,1.68927471,,,,,
MONETA,0.00008604,,,,,
MONK,0.01665274,,,,,
MOON,0.00000768,,,,,
MOR,0.00044892,,,,,
MORE,0.01382664,,,,,
MOTA,0.00098471,,,,,
MOZOX,0.00005118,,,,,
MPAY,0.01045172,,,,,
MPG,0.00215701,,,,,
MRC,0.00008978,,,,,
MRI,0.0012769,,,,,
MRPH,0.26127656,,,,,
MSCN,0.00008141,,,,,
MSD,0.00601548,,,,,
MSR,0.01391989,,,,,
MT,0.0010627,,,,,
MTCMESHNETWORK,0.00098762,,,,,
MTCN,0.09056429,,,,,
MTH,0.00731796,,,,,
MTL2,0.29430003,,,,,
MTN,0.00301759,,,,,
MTNS,0.0001937,,,,,
MTV,0.00033245,,,,,
MTX,0.03237212,,,,,
MUE,0.0043096,,,,,
MUSIC,0.00009876,,,,,
MUSK,0.00080679,,,,,
MVC,0.00188545,,,,,
MVL,0.0003935,,,,,
MVP,0.00018407,,,,,
MVT,0.00179148,,,,,
MWAT,0.00341905,,,,,
MWC,17.02407455,,,,,
MXC,0.00662483,,,,,
MXM,0.00014782,,,,,
MXT,0.0043096,,,,,
MYNT,0.00002694,,,,,
MYO,0.04797506,,,,,
MYST,0.0606217,,,,,
MYU,0.06248922,,,,,
N8V,0.03545792,,,,,
NACA,0.00026935,,,,,
NAH,0.00089783,,,,,
NAMTOKEN,0.00003971,,,,,
NANJ,0.00001284,,,,,
NANO,0.94136486,,,,,
NAS,0.34828024,,,,,
NAV,0.11150334,,,,,
NAVY,0.00125697,,,,,
NAX,0.00156594,,,,,
NBAI,0.00038609,,,,,
NBC,0.00650363,,,,,
NBR,0.00036541,,,,,
NCASH,0.0003113,,,,,
NCC,0.00084611,,,,,
NCT,0.00137328,,,,,
NDIO,0.00013292,,,,,
NDT,0.00026935,,,,,
NDX,0.00000214,,,,,
NEBL,0.54430664,,,,,
NEC,0.10867984,,,,,
NEET,0.0016161,,,,,
NEEX,0.34666152,,,,,
NEO,9.65611086,,,,,
NEST,0.01904733,,,,,
NET2,0.16448311,,,,,
NEU,0.11752412,,,,,
NEW,0.00063151,,,,,
NEWOS,0.00033976,,,,,
NEX,0.84484447,,,,,
NEXO,0.18707319,,,,,
NEXT,0.09885148,,,,,
NG,0.00008978,,,,,
NGC,0.03185514,,,,,
NGOT,0.00018312,,,,,
NILU,0.00276233,,,,,
NIM,0.00215054,,,,,
NIO2,0.00035913,,,,,
NIX,0.05846797,,,,,
NKC,0.00541857,,,,,
NKN,0.02120398,,,,,
NLC2,0.00179387,,,,,
NLG,0.00817029,,,,,
NMN,0.00170588,,,,,
NMP,2.20625268,,,,,
NMR,20.85858009,,,,,
NNC,0.00854544,,,,,
NOA,0.09133904,,,,,
NOBS,0.0000353,,,,,
NODE,0.00135483,,,,,
NOIANETWORK,0.01678896,,,,,
NOIZ,0.01849537,,,,,
NOKN,0.01571958,,,,,
NOKU,0.03673074,,,,,
NOR,0.01517326,,,,,
NOS,0.01064063,,,,,
NOTE,0.00002206,,,,,
NOVA,0.00000808,,,,,
NOVACHAIN,0.00260686,,,,,
NPCOIN,0.05961615,,,,,
NPLC,0.00012731,,,,,
NPW,0.00870895,,,,,
NPXS,0.00013894,,,,,
NPXSXEM,0.00013577,,,,,
NRG,1.91622309,,,,,
NRP,0.00000165,,,,,
NRVE,0.00024931,,,,,
NSD,0.05290975,,,,,
NSG,0.0032322,,,,,
NST,0.00448917,,,,,
NT,0.0145449,,,,,
NTBC,0.00002132,,,,,
NTK,0.00803404,,,,,
NTK2,0.00000269,,,,,
NTM,0.00000051,,,,,
NTRN,0.00506378,,,,,
NUG,0.00080805,,,,,
NUKO,0.00035913,,,,,
NULS,0.46151159,,,,,
NUT,21.94125692,,,,,
NUVO,0.00005118,,,,,
NVC,0.14850167,,,,,
NVT,0.00009906,,,,,
NWC,0.02488067,,,,,
NXCT,0.00004413,,,,,
NXS,0.17957132,,,,,
NXT,0.01047938,,,,,
NYC,0.00000883,,,,,
NYE,8.87920024,,,,,
NYEX,0.00026935,,,,,
NYX,0.0073295,,,,,
NYZO,0.23574614,,,,,
NZL,0.00125697,,,,,
NZO,0.01104335,,,,,
OAX,0.04040275,,,,,
OBITS,0.02980807,,,,,
OCE,0.00116718,,,,,
OCEAN,0.06635942,,,,,
OCN,0.00028606,,,,,
ODE,0.0457253,,,,,
ODEX,0.00000027,,,,,
OES,0.00116718,,,,,
OGN,0.24642862,,,,,
OGO,0.01218198,,,,,
OGODS,0.00010149,,,,,
OHMC,0.00098762,,,,,
OIL,0.01561818,,,,,
OK,0.02490046,,,,,
OKB,4.99819989,,,,,
OKBBEAR,6.9925,,,,,
OKBBULL,1344,,,,,
OKNC,0.00008891,,,,,
OKS,0.00087357,,,,,
OLT,0.00350341,,,,,
OLXA,0.00019539,,,,,
OMEGA,0.00026935,,,,,
OMG,1.35938392,,,,,
OMNI,1.39750737,,,,,
ONE2,0.00184104,,,,,
ONLEXPA,0.00003309,,,,,
ONT,0.58850726,,,,,
ONTGAS,0.2186908,,,,,
OOT,0.00221287,,,,,
OPCX,0.00026935,,,,,
OPEN,0.00063058,,,,,
OPET,0.00960682,,,,,
OPQ,0.00635481,,,,,
OPT,0.00125786,,,,,
OPTI,0.00502787,,,,,
ORBS,0.01637506,,,,,
ORC,0.00411908,,,,,
ORE,0.00152632,,,,,
ORM,0.00000662,,,,,
ORME,0.02274212,,,,,
ORS,0.00396868,,,,,
OS76,0.00287307,,,,,
OSC,0.00186342,,,,,
OST,0.0082164,,,,,
OTB,0.0021548,,,,,
OUNA,0.01005574,,,,,
OURO,0.0208,,,,,
OWC,0.11919329,,,,,
OWO,0.00017957,,,,,
OXT,0.15449795,,,,,
P2P,0.00059348,,,,,
P2PX,0.00026881,,,,,
P2T,0.00000221,,,,,
PAA,0.00000831,,,,,
PAC,0.0001144,,,,,
PAI,0.01479358,,,,,
PAISA,0.0000018,,,,,
PAK,0.00332198,,,,,
PAMP,0.00073468,,,,,
PAN,0.01884857,,,,,
PANCHO,0.00004941,,,,,
PANDA,0.00036396,,,,,
PANTOS,0.02111757,,,,,
PAR,0.00020518,,,,,
PARALLELCOIN,0.1632666,,,,,
PARKGENE,0.00006195,,,,,
PART,0.64608104,,,,,
PASC,0.04282666,,,,,
PASS,0.00089774,,,,,
PAX,1.00202906,,,,,
PAXEX,0.00036024,,,,,
PAXG,1778.657554,,,,,
PAY,0.04545123,,,,,
PAZZI,0.07384387,,,,,
PBL,0.00396906,,,,,
PBTT,0.01526317,,,,,
PC,0.00005642,,,,,
PCI,0.14699531,,,,,
PCL,0.0016891,,,,,
PCPIE,0.00000441,,,,,
PCT,0.00035913,,,,,
PCX,1.03276042,,,,,
PDATA,0.00017957,,,,,
PEC,0.00008978,,,,,
PEG2,0.00074217,,,,,
PELO,0.00413003,,,,,
PENC,0.00000662,,,,,
PENG,0.00000898,,,,,
PEPS,0.00080862,,,,,
PERL,0.02009307,,,,,
PESS,0.00007183,,,,,
PGC,0.0005387,,,,,
PGN,0.00016118,,,,,
PHL,0.01580187,,,,,
PHN,0.00000009,,,,,
PHON,0.00008978,,,,,
PHR,0.12536712,,,,,
PHX,0.00287254,,,,,
PI,0.00349882,,,,,
PIASA,0.00870899,,,,,
PIB,0.00014671,,,,,
PINK,0.00170588,,,,,
PIPL,0.00118571,,,,,
PIPS,0.00000664,,,,,
PIRATE,0.00368112,,,,,
PIRL,0.00631608,,,,,
PIT,0.00000002,,,,,
PITCH,0.00027179,,,,,
PIVX,0.41683772,,,,,
PIVXL,0.03321984,,,,,
PIXIECOIN,0.00056919,,,,,
PKG,0.00000883,,,,,
PKO,0.34970618,,,,,
PKT,0.03099336,,,,,
PLA,0.0002066,,,,,
PLAAS,0.01012558,,,,,
PLANET,0.03968424,,,,,
PLBT,0.95314012,,,,,
PLF,0.40707744,,,,,
PLR,0.01710605,,,,,
PLTC,0.44072507,,,,,
PLU,2.12029767,,,,,
PLUG,0.00000022,,,,,
PLUS1,0.02217649,,,,,
PMA,0.0000935,,,,,
PMC2,0.00007183,,,,,
PMEER,0.01876472,,,,,
PND,0.00004082,,,,,
PNG,0.00103694,,,,,
PNK,0.01937242,,,,,
PNT,0.00007937,,,,,
PNX,0.00011672,,,,,
PNY,0.03062582,,,,,
POA,0.01158205,,,,,
POA20,0.01009434,,,,,
POC,0.00022063,,,,,
POCC,0.0009122,,,,,
POE,0.00224458,,,,,
POK,0.00513998,,,,,
POLIS,0.76897134,,,,,
POLL,0.00204079,,,,,
POLY,0.03796538,,,,,
POMAC,0.00008978,,,,,
PONZI,0.00071827,,,,,
POPULARCOIN,0.0000679,,,,,
POPULOUS,0.01348376,,,,,
PORTAL,0.00127516,,,,,
POSQ,0.00044892,,,,,
POST,0.00116707,,,,,
POWER,0.99016818,,,,,
POWR,0.08649772,,,,,
PPC,0.24120491,,,,,
PPP,0.00795736,,,,,
PPT,0.32677,,,,,
PPY,0.28858113,,,,,
PRA,0.01505897,,,,,
PRE,0.01839485,,,,,
PRES,0.00197523,,,,,
PRFT,0.97075312,,,,,
PRIV,0.00164629,,,,,
PRIX,0.14526947,,,,,
PRKL,0.0013414,,,,,
PRO,0.11835363,,,,,
PROB,0.19054074,,,,,
PROPS,0.01522317,,,,,
PROUD,0.0017612,,,,,
PROXYNODE,0.00044892,,,,,
PRS,0.01752011,,,,,
PRV,0.85576422,,,,,
PRX,0.00197523,,,,,
PSC,0.0010774,,,,,
PST,0.02208672,,,,,
PTI,0.00190469,,,,,
PTM,0.01041487,,,,,
PTN,0.00109157,,,,,
PTON,0.00001765,,,,,
PTOY,0.00502787,,,,,
PTX,0.005387,,,,,
PURE,0.00008978,,,,,
PUT,0.00184187,,,,,
PUTINCOIN,0.0000536,,,,,
PVT,0.00027384,,,,,
PXC,0.00655419,,,,,
PXG,0.00080587,,,,,
PXL,0.01204608,,,,,
PYLNT,0.61470695,,,,,
PYN,0.00031284,,,,,
PYRK,0.01315111,,,,,
PYRO,0.00022063,,,,,
PZM,0.01511303,,,,,
QASH,0.03318297,,,,,
QBIT,29.23203454,,,,,
QBS,0.00008978,,,,,
QBX,0.00718267,,,,,
QC,0.14108157,,,,,
QCH,0.02844539,,,,,
QCX,0.01394298,,,,,
QKC,0.00611371,,,,,
QLC,0.01759882,,,,,
QMC,0.00242415,,,,,
QNO,0.0005387,,,,,
QNT,8.44915503,,,,,
QOVARCOIN,0.07297103,,,,,
QRK,0.02388237,,,,,
QRL,0.09385124,,,,,
QSP,0.01941301,,,,,
QT,0.05858276,,,,,
QTUM,1.57254112,,,,,
QTV,0.02460064,,,,,
QUAN,0.00017957,,,,,
QUIN,0.00000117,,,,,
QUN,0.0042185,,,,,
QUOT,0.00035913,,,,,
QWC,0.0000044,,,,,
RAC,0.00016768,,,,,
RADS,0.44348309,,,,,
RAGNA,0.00026935,,,,,
RAIN,0.00012271,,,,,
RAISE,0.0405235,,,,,
RAP,0.00006285,,,,,
RAS,0.00029784,,,,,
RAVEN,0.00028902,,,,,
RAWCOIN,0.00098762,,,,,
RBTC,8946.40666,,,,,
RC20,0.00004413,,,,,
RCCC,0.0051788,,,,,
RCHAIN,0.02185054,,,,,
RCN,0.0591481,,,,,
RCOIN,0.34135633,,,,,
RDCT,0.01382664,,,,,
RDD,0.00107152,,,,,
RDN,0.18489717,,,,,
RED,0.00195562,,,,,
REDI,0.0003323,,,,,
REEX,0.0037709,,,,,
REL,0.00000499,,,,,
REM,0.00119939,,,,,
REN,0.13923776,,,,,
REOSC,0.00017957,,,,,
REP,15.40368383,,,,,
REQ,0.02490329,,,,,
RES,0.0027731,,,,,
RESQ,0.00008978,,,,,
REV2,0.00035913,,,,,
REW,0.18532339,,,,,
RFOX,0.00194627,,,,,
RFR,0.00046505,,,,,
RHEA,0.12710544,,,,,
RIF,0.07956447,,,,,
RIL,0.00026935,,,,,
RIT,0.04412514,,,,,
RITO,0.00009255,,,,,
RLC,0.55722071,,,,,
RLX,0.00007501,,,,,
RM,0.00860445,,,,,
RMC,0.1256967,,,,,
RMESH,0.00156424,,,,,
RNDR,0.07919902,,,,,
RNTB,0.00005516,,,,,
RNX,0.00327315,,,,,
ROCK2,0.04538933,,,,,
ROCO,0.01445512,,,,,
ROI,0.00044892,,,,,
ROOBEE,0.00355974,,,,,
ROOK,0.00008978,,,,,
ROX,0.01638981,,,,,
RPC,0.0118514,,,,,
RPD,0.00005088,,,,,
RPI,0.00002694,,,,,
RPL,1.74392128,,,,,
RPZX,0.00074075,,,,,
RRT,0.030687,,,,,
RSP,0.00007183,,,,,
RSR,0.00558802,,,,,
RTE,0.0008243,,,,,
RTH,0.48926496,,,,,
RTO,0.00134675,,,,,
RUB2,0.00022283,,,,,
RUFF,0.0055328,,,,,
RUNE,0.32806846,,,,,
RUPX,0.00030526,,,,,
RVN,0.01817493,,,,,
RXCC,0.00000002,,,,,
RYO2,0.0085142,,,,,
RZB,0.00000007,,,,,
S4F,0.0064644,,,,,
SAFECOIN,0.03753624,,,,,
SAGA,0.00143653,,,,,
SAI,1.17299412,,,,,
SAIT,0.0104709,,,,,
SALT,0.06061838,,,,,
SAN,0.12116064,,,,,
SAP,0.00044892,,,,,
SAPP,0.00484744,,,,,
SAPPCHAIN,0.00003971,,,,,
SARGOLD,3.7947159,,,,,
SATX,0.00108196,,,,,
SBD2,0.98450169,,,,,
SBE,0.00112836,,,,,
SBP,0.00331471,,,,,
SBTC,0.18876018,,,,,
SC,0.00267299,,,,,
SCAP,0.55081804,,,,,
SCBC,0.03309386,,,,,
SCC,0.00007479,,,,,
SCCN,0.00466873,,,,,
SCOL,0.00287664,,,,,
SCP,0.01059444,,,,,
SCRIV,0.00089783,,,,,
SCSX,0.07164712,,,,,
SCTCOIN,0.00493808,,,,,
SCV,0.00002217,,,,,
SDGO,0.00000126,,,,,
SDS,0.000706,,,,,
SEAD,0.00192386,,,,,
SEAL,0.00069364,,,,,
SEELE,0.00603801,,,,,
SEKO,0.00035913,,,,,
SEM,0.05800005,,,,,
SEND,0.00428938,,,,,
SENSO,0.20240511,,,,,
SENT,0.00128319,,,,,
SEOL,0.00001765,,,,,
SET,0.08960379,,,,,
SFT,0.00375184,,,,,
SFX,0.00851639,,,,,
SGA,1.38598687,,,,,
SGW,125.6,,,,,
SHA,0.00064431,,,,,
SHARK,0.00021403,,,,,
SHB,0.02352366,,,,,
SHE,0.00058984,,,,,
SHIP,0.01578056,,,,,
SHK,0.00132375,,,,,
SHVR,0.00019752,,,,,
SIAMBITCOIN,41.30034447,,,,,
SIB,0.0180487,,,,,
SIERRA,0.01149227,,,,,
SIG,0.00002133,,,,,
SILK,0.00072661,,,,,
SIM,0.00004489,,,,,
SIN,0.00287512,,,,,
SINS,0.03370613,,,,,
SIX,0.00840093,,,,,
SKB,0.00118977,,,,,
SKC,0.00001662,,,,,
SKI,0.03652793,,,,,
SKIN,0.00043904,,,,,
SKM,0.00183701,,,,,
SKP,0.00013238,,,,,
SKRT,0.0026935,,,,,
SKT,0.00012026,,,,,
SKY,0.4847909,,,,,
SLD,0.02307432,,,,,
SLM,0.00026935,,,,,
SLOPPS,0.00143653,,,,,
SLS,7.8779313,,,,,
SLT2,0.00035913,,,,,
SLV,0.00008978,,,,,
SMART,0.00291729,,,,,
SMT,0.00342723,,,,,
SNB,0.16983465,,,,,
SNC,0.02669087,,,,,
SNG,0.01805416,,,,,
SNGLS,0.01032584,,,,,
SNL,0.0132426,,,,,
SNM,0.00843964,,,,,
SNO,0.00017957,,,,,
SNOV,0.0033827,,,,,
SNPC,0.00722329,,,,,
SNT,0.02138408,,,,,
SNTR,0.00000222,,,,,
SNX,1.69014411,,,,,
SOC,0.00391897,,,,,
SOCKS,161.5038921,,,,,
SOFTCHAIN,0.00004997,,,,,
SOLO,0.20102792,,,,,
SOLVE,0.12686192,,,,,
SON,649.2391604,,,,,
SONIQ,0.00026935,,,,,
SONO,0.0010774,,,,,
SORA,0.44746368,,,,,
SOUL,0.04200226,,,,,
SOV,0.00035913,,,,,
SOVE,0.00156223,,,,,
SPANK,0.00265143,,,,,
SPAREPART,0.0000885,,,,,
SPC,0.00215157,,,,,
SPDX,0.00000662,,,,,
SPEX,0.00000221,,,,,
SPHERE,0.00055818,,,,,
SPHR,0.04893193,,,,,
SPIKE,0.00233437,,,,,
SPN,0.00183905,,,,,
SPND,0.00089517,,,,,
SPRK,0.00219743,,,,,
SPRKL,0.04949327,,,,,
SPRTZ,0.00000359,,,,,
SPT,0.00000929,,,,,
SPZ,0.00000883,,,,,
SQR,0.00011252,,,,,
SRCOIN,0.00001347,,,,,
SREUR,0.00053598,,,,,
SRK,0.00016996,,,,,
SRN,0.01008441,,,,,
SS,0.00650559,,,,,
SSF,0.00251393,,,,,
SSP,0.00006649,,,,,
SSX,0.00393765,,,,,
STAKECUBE,0.16161004,,,,,
STAR,0.00286776,,,,,
STEEM,0.19813741,,,,,
STEEP,0.00017957,,,,,
STIPS,0.00040403,,,,,
STK,0.00198971,,,,,
STKCOIN,0.02882046,,,,,
STMX,0.00184608,,,,,
STO,0.00000244,,,,,
STONE,0.00080805,,,,,
STORJ,0.14840533,,,,,
STPT,0.01298121,,,,,
STPX,0.00003591,,,,,
STR,0.00098762,,,,,
STRAT,0.44066383,,,,,
STREAMIT,0.00368112,,,,,
STRMS,0.78461676,,,,,
STRX,0.00882282,,,,,
STT,0.00008978,,,,,
STX,0.01016795,,,,,
SUB,0.00288121,,,,,
SUGAR,0.00062848,,,,,
SUM,117.165031,,,,,
SUMO,0.06124402,,,,,
SUPER,0.0008995,,,,,
SUPERTRON,0.00000269,,,,,
SUR,0.24328663,,,,,
SUSD,0.99529433,,,,,
SVR,0.55476888,,,,,
SWACE,0.00062848,,,,,
SWAMP,0.00188545,,,,,
SWAT,0.00007527,,,,,
SWC,0.0001412,,,,,
SWET,0.00022446,,,,,
SWFTC,0.00106071,,,,,
SWIFT,0.00060315,,,,,
SWING,0.03070591,,,,,
SWIPP,0.00242415,,,,,
SWL,0.0000011,,,,,
SWM,0.01722579,,,,,
SWT,0.04709065,,,,,
SWTH,0.00781236,,,,,
SXC,0.00152632,,,,,
SXCC,0.00933747,,,,,
SXDT,0.11671836,,,,,
SXP,0.50239978,,,,,
SXUT,0.0617752,,,,,
SYM,0.06464333,,,,,
SYS,0.02884225,,,,,
T9,0.00203196,,,,,
TAC,0.00143407,,,,,
TAG,0.00475852,,,,,
TAGZ5,0.05736268,,,,,
TAJ,0.00197523,,,,,
TAN,0.00117632,,,,,
TAO,0.03178331,,,,,
TAPE,145.2069901,,,,,
TAT,0.00047876,,,,,
TAU,0.01702539,,,,,
TAVITT,0.1364707,,,,,
TBC2,0.00006619,,,,,
TCASH,0.00565909,,,,,
TCAT,0.00084276,,,,,
TCC,0.00176506,,,,,
TCH,0.00082293,,,,,
TCO,0.02962851,,,,,
TCT,0.00630171,,,,,
TCZ,0.0075418,,,,,
TDN,0.33991979,,,,,
TDP,0.00572167,,,,,
TDX,0.27321076,,,,,
TEAM,0.04400263,,,,,
TEL,0.00022185,,,,,
TELOS,0.00992341,,,,,
TEM,0.14670601,,,,,
TEN,0.00424197,,,,,
TENA,0.02962851,,,,,
TER,0.00511765,,,,,
TERA,0.00183017,,,,,
TFD,0.00830424,,,,,
TFG1,2.15758387,,,,,
TFTN,0.00008978,,,,,
TFUEL,0.0080481,,,,,
TGC,0.00188545,,,,,
TGN,0.0016498,,,,,
THAR,0.00074351,,,,,
THETA,0.21087622,,,,,
THEX,0.00619505,,,,,
THREEFOLD,0.14523032,,,,,
THRN,0.0048483,,,,,
THRT,0.00296285,,,,,
THS,0.00610527,,,,,
THX,0.00053788,,,,,
THX2,0.01795667,,,,,
TIANTIAN,0.70928852,,,,,
TILY,0.00194592,,,,,
TIME,2.21563186,,,,,
TIPS,0.00000221,,,,,
TIV,1.32134167,,,,,
TKN,0.34825096,,,,,
TKO,0.18587952,,,,,
TKP,0.01105335,,,,,
TKT,0.0005387,,,,,
TKTS,0.00000221,,,,,
TKX,0.94389508,,,,,
TKY,0.00023528,,,,,
TLC,0.03981817,,,,,
TLR,0.00116783,,,,,
TLS,0.01102678,,,,,
TLX,0.00008978,,,,,
TMED,0.00017363,,,,,
TNB,0.00376495,,,,,
TNC,0.0011627,,,,,
TNET,0.03663886,,,,,
TNJ,0.00062848,,,,,
TNS,0.00186158,,,,,
TNT,0.03262641,,,,,
TOK,0.00292329,,,,,
TOKA,0.00000831,,,,,
TOL,0.00575842,,,,,
TOMO,0.48720614,,,,,
TOMOBEAR,0.087,,,,,
TOMOBULL,6.9175,,,,,
TOP2,0.00201923,,,,,
TOPB,0.00463755,,,,,
TOPC,0.00578008,,,,,
TORM,0.03408586,,,,,
TOS,0.00111037,,,,,
TOSC,0.00632075,,,,,
TOUCH,0.00473022,,,,,
TOUR,0.02136844,,,,,
TPC,2.21764893,,,,,
TRAC,0.05533119,,,,,
TRAD,0.00060694,,,,,
TRANSFERCOIN,0.00351951,,,,,
TRAT,0.00199856,,,,,
TRB,7.06614049,,,,,
TRBO,0.00008978,,,,,
TRC,0.0426857,,,,,
TRCL,0.02771397,,,,,
TREASUREFINANCIALCOIN,0.00017957,,,,,
TREX,0.00000898,,,,,
TRIAS,0.00069961,,,,,
TRIO,0.00075616,,,,,
TRK,0.00017957,,,,,
TRM,0.00000221,,,,,
TROLL,0.00035913,,,,,
TROYTRADE,0.00296285,,,,,
TRST,0.00599566,,,,,
TRTL,0.00001207,,,,,
TRTT,0.0019922,,,,,
TRUE,0.26151708,,,,,
TRUMP,0.01512247,,,,,
TRX,0.01600776,,,,,
TRXBEAR,5.893,,,,,
TRXBULL,1.7425,,,,,
TRXC,0.00000221,,,,,
TRYB,0.14357,,,,,
TRYBBEAR,11385,,,,,
TRYBBULL,3209,,,,,
TSHP,0.00906812,,,,,
TT,0.00530025,,,,,
TTC,0.02342767,,,,,
TTN,0.00089783,,,,,
TTP,0.00897834,,,,,
TUBE,0.00773074,,,,,
TUSC,0.0000194,,,,,
TUSD,1.00235761,,,,,
TUX,0.00017957,,,,,
TV,0.26852657,,,,,
TWINS,0.00010235,,,,,
TYC,0.05844897,,,,,
TYT,0.00015444,,,,,
TZC,0.0018116,,,,,
U,0.01106845,,,,,
UAT,0.06554185,,,,,
UBEX,0.00026006,,,,,
UBL,0.00000221,,,,,
UBN,0.00012089,,,,,
UBQ,0.09337469,,,,,
UBT,0.28847694,,,,,
UBU,0.02256992,,,,,
UC,0.00015662,,,,,
UCA,0.00250077,,,,,
UCX,0.15784336,,,,,
UDOO,0.0055051,,,,,
UGAS,0.01610408,,,,,
UGD,0.01339237,,,,,
UIP,0.00406594,,,,,
UIS,0.00063088,,,,,
UKG,0.01041785,,,,,
UMA,2.25764024,,,,,
UMC2,0.03779879,,,,,
UMO,0.00044892,,,,,
UNC,0.00025151,,,,,
UNI,0.00089783,,,,,
UNIFY,0.00421982,,,,,
UNITS,0.00054029,,,,,
UNIUSD,0.00026696,,,,,
UNO,57.45801073,,,,,
UOS,0.00098762,,,,,
UP,0.0016161,,,,,
UPP,0.0150961,,,,,
UPT,0.00089783,,,,,
UPX,0.0000794,,,,,
URAC,0.00037506,,,,,
USAT,0.00008978,,,,,
USC,0.01687927,,,,,
USDC,1.00195912,,,,,
USDEX,0.99760597,,,,,
USDK,1.00071528,,,,,
USDS,0.9545076,,,,,
USDT,0.99991131,,,,,
USDT20,0.99843599,,,,,
USDX2,0.14356359,,,,,
USE,0.00022259,,,,,
USERVICE,0.00655419,,,,,
UT,0.01382728,,,,,
UTIP,0.00089783,,,,,
UTK,0.03033804,,,,,
UTNP,0.00193034,,,,,
UTT,0.15726898,,,,,
UUU,0.0007609,,,,,
UVU,0.00001975,,,,,
VAIP,0.16367506,,,,,
VAL,0.00000029,,,,,
VALOR,0.47469313,,,,,
VARIUS,0.0000018,,,,,
VAULT,1.79566715,,,,,
VBK,0.00466873,,,,,
VCO,0.00089783,,,,,
VDG,0.00040366,,,,,
VDL,0.01226983,,,,,
VDX,0.00062848,,,,,
VECO,0.0004067,,,,,
VECT,0.00368112,,,,,
VEE,0.00129714,,,,,
VEEN,0.00150836,,,,,
VEGI,0.00062848,,,,,
VEIL,0.01606438,,,,,
VEO,18.06441154,,,,,
VERA,0.00005589,,,,,
VERI,4.01303912,,,,,
VERS,14.41911744,,,,,
VEST,0.03357895,,,,,
VET,0.00848288,,,,,
VEX,0.00272362,,,,,
VGR,0.0000706,,,,,
VGTG,4.8036581,,,,,
VGTN,0.00006619,,,,,
VGW,0.05575547,,,,,
VIA,0.17850091,,,,,
VIB,0.01425318,,,,,
VIBE,0.01239071,,,,,
VIDT,0.17679298,,,,,
VIDY,0.00129558,,,,,
VINCI,1.16760502,,,,,
VINDAXCOIN,0.03106766,,,,,
VIP,0.0079997,,,,,
VIPG,0.00066408,,,,,
VITAE,1.33972052,,,,,
VITE,0.01401633,,,,,
VITES,0.00000898,,,,,
VJC,2.81318194,,,,,
VKT,0.00125977,,,,,
VLD,0.0051148,,,,,
VLS,0.07981372,,,,,
VLU,0.00025621,,,,,
VLX,0.08540552,,,,,
VME,0.00014365,,,,,
VNDC,0.00007366,,,,,
VNTCHAIN,0.00064305,,,,,
VOLLAR,0.69494218,,,,,
VOT,0.00035913,,,,,
VRA,0.00076948,,,,,
VRC,0.05198456,,,,,
VREX,0.00005815,,,,,
VRS,0.13075626,,,,,
VRSC,0.10908678,,,,,
VRTN,0.44100543,,,,,
VSC,0.0011724,,,,,
VSF,0.00008978,,,,,
VSL,0.00152632,,,,,
VSX,0.0016161,,,,,
VSYS,0.02566285,,,,,
VTAR,0.00004489,,,,,
VTC,0.26432161,,,,,
VTHO,0.00047912,,,,,
VTX3,0.00718267,,,,,
VULC,0.00044357,,,,,
VULCOIN,0.00026935,,,,,
VXV,0.09903104,,,,,
WAB,0.00000221,,,,,
WABI,0.10262781,,,,,
WADS,28.26215337,,,,,
WAGE,0.00044892,,,,,
WAN,0.19259794,,,,,
WAVES,1.11507932,,,,,
WAX,0.04894325,,,,,
WBBC,0.00429041,,,,,
WBL,0.0005387,,,,,
WBT,0.0003177,,,,,
WBTC,9018.892418,,,,,
WBX,0.00416595,,,,,
WCDC,0.0004589,,,,,
WCH,0.0005387,,,,,
WCO,0.00059257,,,,,
WEB,0.00146275,,,,,
WEBCHAIN,0.00098762,,,,,
WEBD,0.00003089,,,,,
WEBN,0.00000181,,,,,
WEC,0.00161503,,,,,
WEST,0.06075893,,,,,
WETH,221.4997342,,,,,
WFX,0.0003322,,,,,
WGC,0.00035913,,,,,
WGP,0.00831585,,,,,
WGR,0.02583789,,,,,
WHEN,0.00520743,,,,,
WHT,0.00626664,,,,,
WICC,0.19863759,,,,,
WIKEN,0.00147997,,,,,
WIN,0.00008978,,,,,
WINCASH,1.13962016,,,,,
WINGS,0.06190563,,,,,
WINK,0.00007097,,,,,
WIRE,0.00017957,,,,,
WITCHAIN,0.00000719,,,,,
WIX,0.00358797,,,,,
WLF,0.03313006,,,,,
WLLO,0.00023393,,,,,
WLO,0.00185548,,,,,
WMP,0.06994124,,,,,
WMPRO,0.00098762,,,,,
WNL,0.02905899,,,,,
WOM,0.1749569,,,,,
WORLDCOIN,0.00017957,,,,,
WORX,0.00026935,,,,,
WOW,0.00035821,,,,,
WOWNERO,0.03582356,,,,,
WPR,0.00754052,,,,,
WR,0.00000441,,,,,
WRX,0.11731692,,,,,
WSC,0.00100521,,,,,
WSX,0.02558826,,,,,
WTC,0.31468131,,,,,
WTM,0.02469042,,,,,
WTP,0.26117446,,,,,
WXC,0.00068627,,,,,
WXT,0.00986745,,,,,
WXTC,0.0000009,,,,,
WYX,0.00000126,,,,,
X42,0.01571209,,,,,
XANK,0.11464412,,,,,
XAO,0.00017957,,,,,
XAP,0.00003591,,,,,
XAUR,0.03932473,,,,,
XAUT,1773.166028,,,,,
XAX,0.00073622,,,,,
XBA,0.00017957,,,,,
XBASE,0.00132311,,,,,
XBG,0.00457895,,,,,
XBS,0.66664143,,,,,
XBTX,0.01885451,,,,,
XBY,0.01580187,,,,,
XCASH,0.00002116,,,,,
XCF,0.20972803,,,,,
XCHF,1.0287077,,,,,
XCP,0.93300658,,,,,
XCZM,0.00628484,,,,,
XDB,0.0152884,,,,,
XDCE,0.00326201,,,,,
XDN,0.00041639,,,,,
XDNA,0.01077282,,,,,
XEM,0.04140786,,,,,
XEMX,0.17142139,,,,,
XENO,0.00089783,,,,,
XFC,0.00262913,,,,,
XFOC,259.610785,,,,,
XGCS,0.00727245,,,,,
XGOX,0.00001459,,,,,
XGS,0.00369397,,,,,
XHI,0.00000441,,,,,
XHV,1.39870634,,,,,
XIN,0.00134675,,,,,
XIND,0.00001796,,,,,
XIO,0.06376009,,,,,
XIRO,0.00134675,,,,,
XLAB,0.00004528,,,,,
XLM,0.06202964,,,,,
XLN,0.00026935,,,,,
XLPG,0.30843932,,,,,
XLQ,0.07353257,,,,,
XMC,1.20425055,,,,,
XMD,0.01787509,,,,,
XMOO,0.00175839,,,,,
XMR,61.31868543,,,,,
XMV,0.0021548,,,,,
XMX,0.00066019,,,,,
XMY,0.00108884,,,,,
XNB,0.00183644,,,,,
XNK,0.00052742,,,,,
XNS,0.84453314,,,,,
XNS2,0.00924769,,,,,
XNV,0.01472447,,,,,
XOV,0.00005736,,,,,
XPAYPRO,0.00000002,,,,,
XPC,0.00000359,,,,,
XPH,0.00035913,,,,,
XPM,0.02855146,,,,,
XPN,0.004403,,,,,
XPR,0.01540589,,,,,
XPX,0.00066938,,,,,
XQC,0.03826549,,,,,
XQR,0.00043925,,,,,
XRA,0.00559,,,,,
XRC,3.64742103,,,,,
XRD,0.00079915,,,,,
XRM,0.00144969,,,,,
XRP,0.17491595,,,,,
XRPBEAR,285.1,,,,,
XRPBULL,6.93,,,,,
XRPC,0.00000221,,,,,
XSCOIN,0.01641014,,,,,
XSG,0.02612696,,,,,
XSPC,0.00017594,,,,,
XSPEC,0.08775682,,,,,
XST,0.04014572,,,,,
XTA,0.00669813,,,,,
XTNC,0.00035913,,,,,
XTRM,0.34548023,,,,,
XTZ,2.30817966,,,,,
XTZBEAR,5.656,,,,,
XTZBULL,672.25,,,,,
XUC,0.89119482,,,,,
XUEZ,0.01337772,,,,,
XVG,0.00627923,,,,,
XVP,0.00386068,,,,,
XWP,0.03777525,,,,,
XXA,0.13278959,,,,,
XYO,0.0003933,,,,,
XZC,4.31433881,,,,,
YAP,0.01863192,,,,,
YCC,0.00579587,,,,,
YCE,0.00044892,,,,,
YEC,0.10378793,,,,,
YEE,0.00142585,,,,,
YEED,0.00016177,,,,,
YLC,0.00042801,,,,,
YLD,0.00593223,,,,,
YNN,0.00002868,,,,,
YO,878.6212049,,,,,
YOC,0.00035512,,,,,
YOU,0.0131433,,,,,
YOUC,0.095906,,,,,
YOYOW,0.00867685,,,,,
YTN,0.00053892,,,,,
ZAG,1.79566715,,,,,
ZAIF,0.00108216,,,,,
ZANO,0.49586562,,,,,
ZAP,0.00277132,,,,,
ZAT,0.00060518,,,,,
ZB,0.21778659,,,,,
ZBA,0.00005387,,,,,
ZCC,0.00157121,,,,,
ZCN,0.11009921,,,,,
ZCR,0.0218212,,,,,
ZDX,0.00000013,,,,,
ZEC,51.8224307,,,,,
ZEL,0.0411383,,,,,
ZEN,6.66354307,,,,,
ZEONN,0.00049502,,,,,
ZER,0.09459982,,,,,
ZET,0.00040505,,,,,
ZEUS,0.00000045,,,,,
ZFL,0.00145613,,,,,
ZIK,0.00024092,,,,,
ZIL,0.01567787,,,,,
ZJLT,0.00061893,,,,,
ZLA,0.00430894,,,,,
ZLN,0.00044892,,,,,
ZLW,2.99324554,,,,,
ZMN,0.00080805,,,,,
ZMY,0.00093375,,,,,
ZND,0.00007183,,,,,
ZNN,2.31196862,,,,,
ZNZ,0.02278376,,,,,
ZOC,0.00205575,,,,,
ZP,0.01001641,,,,,
ZPAE,0.01116553,,,,,
ZPAY,0.00012031,,,,,
ZPR,0.0004159,,,,,
ZRC,0.71395726,,,,,
ZRX,0.32992219,,,,,
ZSC,0.00019424,,,,,
ZTC,0.0000009,,,,,
ZUM,0.00143653,,,,,
ZXC,0.0007904,,,,,
ZYN,3.31615003,,,,,